"filename", "language", "C#", "ASP.NET Razor", "PostCSS", "JSON", "XML", "JavaScript", "Markdown", "MS SQL", "comment", "blank", "total"
"/Users/alexbelanger-lemay/Desktop/Green_House/Smart_Greenhouse/DB_Ressources/serre_inteligente.sql", "MS SQL", 0, 0, 0, 0, 0, 0, 0, 179, 45, 40, 264
"/Users/alexbelanger-lemay/Desktop/Green_House/Smart_Greenhouse/Greenhouse_API/Controllers/FertilizerController.cs", "C#", 84, 0, 0, 0, 0, 0, 0, 0, 41, 13, 138
"/Users/alexbelanger-lemay/Desktop/Green_House/Smart_Greenhouse/Greenhouse_API/Controllers/ObservationController.cs", "C#", 86, 0, 0, 0, 0, 0, 0, 0, 41, 9, 136
"/Users/alexbelanger-lemay/Desktop/Green_House/Smart_Greenhouse/Greenhouse_API/Controllers/PlantController.cs", "C#", 83, 0, 0, 0, 0, 0, 0, 0, 37, 11, 131
"/Users/alexbelanger-lemay/Desktop/Green_House/Smart_Greenhouse/Greenhouse_API/Controllers/PlantHumidityRecordController.cs", "C#", 69, 0, 0, 0, 0, 0, 0, 0, 28, 10, 107
"/Users/alexbelanger-lemay/Desktop/Green_House/Smart_Greenhouse/Greenhouse_API/Controllers/SensorController.cs", "C#", 85, 0, 0, 0, 0, 0, 0, 0, 36, 11, 132
"/Users/alexbelanger-lemay/Desktop/Green_House/Smart_Greenhouse/Greenhouse_API/Controllers/SoilHumidityCategoryController.cs", "C#", 85, 0, 0, 0, 0, 0, 0, 0, 36, 11, 132
"/Users/alexbelanger-lemay/Desktop/Green_House/Smart_Greenhouse/Greenhouse_API/Controllers/SpecimenController.cs", "C#", 85, 0, 0, 0, 0, 0, 0, 0, 35, 11, 131
"/Users/alexbelanger-lemay/Desktop/Green_House/Smart_Greenhouse/Greenhouse_API/Controllers/WateringController.cs", "C#", 85, 0, 0, 0, 0, 0, 0, 0, 35, 11, 131
"/Users/alexbelanger-lemay/Desktop/Green_House/Smart_Greenhouse/Greenhouse_API/Controllers/ZoneCategoryController.cs", "C#", 85, 0, 0, 0, 0, 0, 0, 0, 33, 11, 129
"/Users/alexbelanger-lemay/Desktop/Green_House/Smart_Greenhouse/Greenhouse_API/Controllers/ZoneController.cs", "C#", 84, 0, 0, 0, 0, 0, 0, 0, 41, 11, 136
"/Users/alexbelanger-lemay/Desktop/Green_House/Smart_Greenhouse/Greenhouse_API/Controllers/ZonePressureRecordController.cs", "C#", 87, 0, 0, 0, 0, 0, 0, 0, 41, 11, 139
"/Users/alexbelanger-lemay/Desktop/Green_House/Smart_Greenhouse/Greenhouse_API/Controllers/ZoneRecordController.cs", "C#", 69, 0, 0, 0, 0, 0, 0, 0, 32, 10, 111
"/Users/alexbelanger-lemay/Desktop/Green_House/Smart_Greenhouse/Greenhouse_API/DTOs/FertilizerDto.cs", "C#", 20, 0, 0, 0, 0, 0, 0, 0, 30, 7, 57
"/Users/alexbelanger-lemay/Desktop/Green_House/Smart_Greenhouse/Greenhouse_API/DTOs/ObservationDto.cs", "C#", 24, 0, 0, 0, 0, 0, 0, 0, 30, 9, 63
"/Users/alexbelanger-lemay/Desktop/Green_House/Smart_Greenhouse/Greenhouse_API/DTOs/PlantDto.cs", "C#", 29, 0, 0, 0, 0, 0, 0, 0, 45, 14, 88
"/Users/alexbelanger-lemay/Desktop/Green_House/Smart_Greenhouse/Greenhouse_API/DTOs/PlantHumidityRecordDto.cs", "C#", 21, 0, 0, 0, 0, 0, 0, 0, 27, 8, 56
"/Users/alexbelanger-lemay/Desktop/Green_House/Smart_Greenhouse/Greenhouse_API/DTOs/PlantSensorAlertDto.cs", "C#", 25, 0, 0, 0, 0, 0, 0, 0, 30, 9, 64
"/Users/alexbelanger-lemay/Desktop/Green_House/Smart_Greenhouse/Greenhouse_API/DTOs/SensorDto.cs", "C#", 30, 0, 0, 0, 0, 0, 0, 0, 42, 13, 85
"/Users/alexbelanger-lemay/Desktop/Green_House/Smart_Greenhouse/Greenhouse_API/DTOs/SoilHumidityCategoryDto.cs", "C#", 22, 0, 0, 0, 0, 0, 0, 0, 30, 9, 61
"/Users/alexbelanger-lemay/Desktop/Green_House/Smart_Greenhouse/Greenhouse_API/DTOs/SpecimenDto.cs", "C#", 20, 0, 0, 0, 0, 0, 0, 0, 24, 7, 51
"/Users/alexbelanger-lemay/Desktop/Green_House/Smart_Greenhouse/Greenhouse_API/DTOs/WateringDto.cs", "C#", 28, 0, 0, 0, 0, 0, 0, 0, 36, 11, 75
"/Users/alexbelanger-lemay/Desktop/Green_House/Smart_Greenhouse/Greenhouse_API/DTOs/ZoneCategoryDto.cs", "C#", 48, 0, 0, 0, 0, 0, 0, 0, 66, 21, 135
"/Users/alexbelanger-lemay/Desktop/Green_House/Smart_Greenhouse/Greenhouse_API/DTOs/ZoneDto.cs", "C#", 19, 0, 0, 0, 0, 0, 0, 0, 24, 7, 50
"/Users/alexbelanger-lemay/Desktop/Green_House/Smart_Greenhouse/Greenhouse_API/DTOs/ZonePressureRecordDto.cs", "C#", 24, 0, 0, 0, 0, 0, 0, 0, 30, 9, 63
"/Users/alexbelanger-lemay/Desktop/Green_House/Smart_Greenhouse/Greenhouse_API/DTOs/ZoneRecordDto.cs", "C#", 32, 0, 0, 0, 0, 0, 0, 0, 42, 13, 87
"/Users/alexbelanger-lemay/Desktop/Green_House/Smart_Greenhouse/Greenhouse_API/DTOs/ZoneSensorAlertDto.cs", "C#", 25, 0, 0, 0, 0, 0, 0, 0, 30, 9, 64
"/Users/alexbelanger-lemay/Desktop/Green_House/Smart_Greenhouse/Greenhouse_API/Data/GreenHouseDbContext.cs", "C#", 26, 0, 0, 0, 0, 0, 0, 0, 0, 16, 42
"/Users/alexbelanger-lemay/Desktop/Green_House/Smart_Greenhouse/Greenhouse_API/Data/Repository.cs", "C#", 63, 0, 0, 0, 0, 0, 0, 0, 15, 23, 101
"/Users/alexbelanger-lemay/Desktop/Green_House/Smart_Greenhouse/Greenhouse_API/Enums/AlertReason.cs", "C#", 8, 0, 0, 0, 0, 0, 0, 0, 0, 1, 9
"/Users/alexbelanger-lemay/Desktop/Green_House/Smart_Greenhouse/Greenhouse_API/Enums/ObservationRating.cs", "C#", 11, 0, 0, 0, 0, 0, 0, 0, 0, 1, 12
"/Users/alexbelanger-lemay/Desktop/Green_House/Smart_Greenhouse/Greenhouse_API/Enums/SensorType.cs", "C#", 11, 0, 0, 0, 0, 0, 0, 0, 0, 1, 12
"/Users/alexbelanger-lemay/Desktop/Green_House/Smart_Greenhouse/Greenhouse_API/Exceptions/NotFoundException.cs", "C#", 10, 0, 0, 0, 0, 0, 0, 0, 0, 0, 10
"/Users/alexbelanger-lemay/Desktop/Green_House/Smart_Greenhouse/Greenhouse_API/Extensions/RepositoryExtensions.cs", "C#", 29, 0, 0, 0, 0, 0, 0, 0, 8, 9, 46
"/Users/alexbelanger-lemay/Desktop/Green_House/Smart_Greenhouse/Greenhouse_API/Greenhouse_API.csproj", "XML", 0, 0, 0, 0, 19, 0, 0, 0, 0, 4, 23
"/Users/alexbelanger-lemay/Desktop/Green_House/Smart_Greenhouse/Greenhouse_API/Interfaces/ICrdService.cs", "C#", 10, 0, 0, 0, 0, 0, 0, 0, 0, 1, 11
"/Users/alexbelanger-lemay/Desktop/Green_House/Smart_Greenhouse/Greenhouse_API/Interfaces/ICrudService.cs", "C#", 7, 0, 0, 0, 0, 0, 0, 0, 0, 1, 8
"/Users/alexbelanger-lemay/Desktop/Green_House/Smart_Greenhouse/Greenhouse_API/Interfaces/IFertilizerService.cs", "C#", 8, 0, 0, 0, 0, 0, 0, 0, 0, 2, 10
"/Users/alexbelanger-lemay/Desktop/Green_House/Smart_Greenhouse/Greenhouse_API/Interfaces/IObservationService.cs", "C#", 8, 0, 0, 0, 0, 0, 0, 0, 0, 2, 10
"/Users/alexbelanger-lemay/Desktop/Green_House/Smart_Greenhouse/Greenhouse_API/Interfaces/IPlantHumidityRecordService.cs", "C#", 7, 0, 0, 0, 0, 0, 0, 0, 0, 1, 8
"/Users/alexbelanger-lemay/Desktop/Green_House/Smart_Greenhouse/Greenhouse_API/Interfaces/IPlantSensorAlertService.cs", "C#", 8, 0, 0, 0, 0, 0, 0, 0, 0, 2, 10
"/Users/alexbelanger-lemay/Desktop/Green_House/Smart_Greenhouse/Greenhouse_API/Interfaces/IPlantService.cs", "C#", 7, 0, 0, 0, 0, 0, 0, 0, 0, 2, 9
"/Users/alexbelanger-lemay/Desktop/Green_House/Smart_Greenhouse/Greenhouse_API/Interfaces/IRepository.cs", "C#", 15, 0, 0, 0, 0, 0, 0, 0, 5, 3, 23
"/Users/alexbelanger-lemay/Desktop/Green_House/Smart_Greenhouse/Greenhouse_API/Interfaces/ISensorService.cs", "C#", 7, 0, 0, 0, 0, 0, 0, 0, 0, 1, 8
"/Users/alexbelanger-lemay/Desktop/Green_House/Smart_Greenhouse/Greenhouse_API/Interfaces/ISoilHumidityCategoryService.cs", "C#", 7, 0, 0, 0, 0, 0, 0, 0, 0, 2, 9
"/Users/alexbelanger-lemay/Desktop/Green_House/Smart_Greenhouse/Greenhouse_API/Interfaces/ISpecimenService.cs", "C#", 7, 0, 0, 0, 0, 0, 0, 0, 0, 2, 9
"/Users/alexbelanger-lemay/Desktop/Green_House/Smart_Greenhouse/Greenhouse_API/Interfaces/IWateringService.cs", "C#", 7, 0, 0, 0, 0, 0, 0, 0, 0, 2, 9
"/Users/alexbelanger-lemay/Desktop/Green_House/Smart_Greenhouse/Greenhouse_API/Interfaces/IZoneCategoryService.cs", "C#", 7, 0, 0, 0, 0, 0, 0, 0, 0, 2, 9
"/Users/alexbelanger-lemay/Desktop/Green_House/Smart_Greenhouse/Greenhouse_API/Interfaces/IZonePressureRecordService.cs", "C#", 7, 0, 0, 0, 0, 0, 0, 0, 0, 2, 9
"/Users/alexbelanger-lemay/Desktop/Green_House/Smart_Greenhouse/Greenhouse_API/Interfaces/IZoneRecordService.cs", "C#", 7, 0, 0, 0, 0, 0, 0, 0, 0, 2, 9
"/Users/alexbelanger-lemay/Desktop/Green_House/Smart_Greenhouse/Greenhouse_API/Interfaces/IZoneSensorAlertService.cs", "C#", 7, 0, 0, 0, 0, 0, 0, 0, 0, 2, 9
"/Users/alexbelanger-lemay/Desktop/Green_House/Smart_Greenhouse/Greenhouse_API/Interfaces/IZoneService.cs", "C#", 7, 0, 0, 0, 0, 0, 0, 0, 0, 2, 9
"/Users/alexbelanger-lemay/Desktop/Green_House/Smart_Greenhouse/Greenhouse_API/Migrations/20251227184904_InitialCreate.Designer.cs", "C#", 461, 0, 0, 0, 0, 0, 0, 0, 2, 180, 643
"/Users/alexbelanger-lemay/Desktop/Green_House/Smart_Greenhouse/Greenhouse_API/Migrations/20251227184904_InitialCreate.cs", "C#", 434, 0, 0, 0, 0, 0, 0, 0, 3, 47, 484
"/Users/alexbelanger-lemay/Desktop/Green_House/Smart_Greenhouse/Greenhouse_API/Migrations/20251227220750_secondMigration.Designer.cs", "C#", 461, 0, 0, 0, 0, 0, 0, 0, 2, 180, 643
"/Users/alexbelanger-lemay/Desktop/Green_House/Smart_Greenhouse/Greenhouse_API/Migrations/20251227220750_secondMigration.cs", "C#", 14, 0, 0, 0, 0, 0, 0, 0, 3, 6, 23
"/Users/alexbelanger-lemay/Desktop/Green_House/Smart_Greenhouse/Greenhouse_API/Migrations/GreenHouseDbContextModelSnapshot.cs", "C#", 459, 0, 0, 0, 0, 0, 0, 0, 1, 180, 640
"/Users/alexbelanger-lemay/Desktop/Green_House/Smart_Greenhouse/Greenhouse_API/Models/Fertilizer.cs", "C#", 11, 0, 0, 0, 0, 0, 0, 0, 0, 7, 18
"/Users/alexbelanger-lemay/Desktop/Green_House/Smart_Greenhouse/Greenhouse_API/Models/Observation.cs", "C#", 13, 0, 0, 0, 0, 0, 0, 0, 0, 8, 21
"/Users/alexbelanger-lemay/Desktop/Green_House/Smart_Greenhouse/Greenhouse_API/Models/Plant.cs", "C#", 23, 0, 0, 0, 0, 0, 0, 0, 0, 19, 42
"/Users/alexbelanger-lemay/Desktop/Green_House/Smart_Greenhouse/Greenhouse_API/Models/PlantHumidityRecord.cs", "C#", 12, 0, 0, 0, 0, 0, 0, 0, 0, 8, 20
"/Users/alexbelanger-lemay/Desktop/Green_House/Smart_Greenhouse/Greenhouse_API/Models/PlantSensorAlert.cs", "C#", 13, 0, 0, 0, 0, 0, 0, 0, 0, 7, 20
"/Users/alexbelanger-lemay/Desktop/Green_House/Smart_Greenhouse/Greenhouse_API/Models/Sensor.cs", "C#", 18, 0, 0, 0, 0, 0, 0, 0, 0, 11, 29
"/Users/alexbelanger-lemay/Desktop/Green_House/Smart_Greenhouse/Greenhouse_API/Models/SoilHumidityCategory.cs", "C#", 12, 0, 0, 0, 0, 0, 0, 0, 0, 8, 20
"/Users/alexbelanger-lemay/Desktop/Green_House/Smart_Greenhouse/Greenhouse_API/Models/Specimen.cs", "C#", 12, 0, 0, 0, 0, 0, 0, 0, 0, 8, 20
"/Users/alexbelanger-lemay/Desktop/Green_House/Smart_Greenhouse/Greenhouse_API/Models/Watering.cs", "C#", 13, 0, 0, 0, 0, 0, 0, 0, 0, 9, 22
"/Users/alexbelanger-lemay/Desktop/Green_House/Smart_Greenhouse/Greenhouse_API/Models/Zone.cs", "C#", 16, 0, 0, 0, 0, 0, 0, 0, 0, 12, 28
"/Users/alexbelanger-lemay/Desktop/Green_House/Smart_Greenhouse/Greenhouse_API/Models/ZoneCategory.cs", "C#", 18, 0, 0, 0, 0, 0, 0, 0, 0, 14, 32
"/Users/alexbelanger-lemay/Desktop/Green_House/Smart_Greenhouse/Greenhouse_API/Models/ZonePressureRecord.cs", "C#", 13, 0, 0, 0, 0, 0, 0, 0, 0, 9, 22
"/Users/alexbelanger-lemay/Desktop/Green_House/Smart_Greenhouse/Greenhouse_API/Models/ZoneRecord.cs", "C#", 16, 0, 0, 0, 0, 0, 0, 0, 0, 11, 27
"/Users/alexbelanger-lemay/Desktop/Green_House/Smart_Greenhouse/Greenhouse_API/Models/ZoneSensorAlert.cs", "C#", 14, 0, 0, 0, 0, 0, 0, 0, 0, 8, 22
"/Users/alexbelanger-lemay/Desktop/Green_House/Smart_Greenhouse/Greenhouse_API/Program.cs", "C#", 61, 0, 0, 0, 0, 0, 0, 0, 5, 16, 82
"/Users/alexbelanger-lemay/Desktop/Green_House/Smart_Greenhouse/Greenhouse_API/Properties/launchSettings.json", "JSON", 0, 0, 0, 23, 0, 0, 0, 0, 0, 1, 24
"/Users/alexbelanger-lemay/Desktop/Green_House/Smart_Greenhouse/Greenhouse_API/Services/FertilizerService.cs", "C#", 112, 0, 0, 0, 0, 0, 0, 0, 0, 18, 130
"/Users/alexbelanger-lemay/Desktop/Green_House/Smart_Greenhouse/Greenhouse_API/Services/ObservationService.cs", "C#", 116, 0, 0, 0, 0, 0, 0, 0, 0, 20, 136
"/Users/alexbelanger-lemay/Desktop/Green_House/Smart_Greenhouse/Greenhouse_API/Services/PlantHumidityRecordService.cs", "C#", 123, 0, 0, 0, 0, 0, 0, 0, 0, 20, 143
"/Users/alexbelanger-lemay/Desktop/Green_House/Smart_Greenhouse/Greenhouse_API/Services/PlantSensorAlertService.cs", "C#", 88, 0, 0, 0, 0, 0, 0, 0, 0, 13, 101
"/Users/alexbelanger-lemay/Desktop/Green_House/Smart_Greenhouse/Greenhouse_API/Services/PlantService.cs", "C#", 166, 0, 0, 0, 0, 0, 0, 0, 0, 22, 188
"/Users/alexbelanger-lemay/Desktop/Green_House/Smart_Greenhouse/Greenhouse_API/Services/SensorService.cs", "C#", 110, 0, 0, 0, 0, 0, 0, 0, 0, 16, 126
"/Users/alexbelanger-lemay/Desktop/Green_House/Smart_Greenhouse/Greenhouse_API/Services/SoilHumidityCategoryService.cs", "C#", 102, 0, 0, 0, 0, 0, 0, 0, 0, 13, 115
"/Users/alexbelanger-lemay/Desktop/Green_House/Smart_Greenhouse/Greenhouse_API/Services/SpecimenService.cs", "C#", 110, 0, 0, 0, 0, 0, 0, 0, 0, 17, 127
"/Users/alexbelanger-lemay/Desktop/Green_House/Smart_Greenhouse/Greenhouse_API/Services/WateringService.cs", "C#", 122, 0, 0, 0, 0, 0, 0, 0, 0, 19, 141
"/Users/alexbelanger-lemay/Desktop/Green_House/Smart_Greenhouse/Greenhouse_API/Services/ZoneCategoryService.cs", "C#", 138, 0, 0, 0, 0, 0, 0, 0, 0, 14, 152
"/Users/alexbelanger-lemay/Desktop/Green_House/Smart_Greenhouse/Greenhouse_API/Services/ZonePressureRecordService.cs", "C#", 115, 0, 0, 0, 0, 0, 0, 0, 0, 16, 131
"/Users/alexbelanger-lemay/Desktop/Green_House/Smart_Greenhouse/Greenhouse_API/Services/ZoneRecordService.cs", "C#", 152, 0, 0, 0, 0, 0, 0, 0, 0, 24, 176
"/Users/alexbelanger-lemay/Desktop/Green_House/Smart_Greenhouse/Greenhouse_API/Services/ZoneSensorAlertService.cs", "C#", 86, 0, 0, 0, 0, 0, 0, 0, 0, 11, 97
"/Users/alexbelanger-lemay/Desktop/Green_House/Smart_Greenhouse/Greenhouse_API/Services/ZoneService.cs", "C#", 88, 0, 0, 0, 0, 0, 0, 0, 0, 12, 100
"/Users/alexbelanger-lemay/Desktop/Green_House/Smart_Greenhouse/Greenhouse_API/appsettings.json", "JSON", 0, 0, 0, 12, 0, 0, 0, 0, 0, 1, 13
"/Users/alexbelanger-lemay/Desktop/Green_House/Smart_Greenhouse/Greenhouse_Data_MVC/Controllers/HomeController.cs", "C#", 27, 0, 0, 0, 0, 0, 0, 0, 0, 6, 33
"/Users/alexbelanger-lemay/Desktop/Green_House/Smart_Greenhouse/Greenhouse_Data_MVC/Controllers/ObservationController.cs", "C#", 72, 0, 0, 0, 0, 0, 0, 0, 4, 15, 91
"/Users/alexbelanger-lemay/Desktop/Green_House/Smart_Greenhouse/Greenhouse_Data_MVC/Controllers/PlantHumidityRecordController.cs", "C#", 75, 0, 0, 0, 0, 0, 0, 0, 4, 13, 92
"/Users/alexbelanger-lemay/Desktop/Green_House/Smart_Greenhouse/Greenhouse_Data_MVC/Controllers/PlantSensorAlertController.cs", "C#", 75, 0, 0, 0, 0, 0, 0, 0, 4, 13, 92
"/Users/alexbelanger-lemay/Desktop/Green_House/Smart_Greenhouse/Greenhouse_Data_MVC/Dtos/ObservationDto.cs", "C#", 12, 0, 0, 0, 0, 0, 0, 0, 0, 2, 14
"/Users/alexbelanger-lemay/Desktop/Green_House/Smart_Greenhouse/Greenhouse_Data_MVC/Dtos/PlantDto.cs", "C#", 14, 0, 0, 0, 0, 0, 0, 0, 0, 0, 14
"/Users/alexbelanger-lemay/Desktop/Green_House/Smart_Greenhouse/Greenhouse_Data_MVC/Dtos/PlantHumidityRecordDto.cs", "C#", 12, 0, 0, 0, 0, 0, 0, 0, 0, 2, 14
"/Users/alexbelanger-lemay/Desktop/Green_House/Smart_Greenhouse/Greenhouse_Data_MVC/Dtos/PlantSensorAlertDto.cs", "C#", 13, 0, 0, 0, 0, 0, 0, 0, 0, 1, 14
"/Users/alexbelanger-lemay/Desktop/Green_House/Smart_Greenhouse/Greenhouse_Data_MVC/Dtos/ZoneDto.cs", "C#", 10, 0, 0, 0, 0, 0, 0, 0, 0, 0, 10
"/Users/alexbelanger-lemay/Desktop/Green_House/Smart_Greenhouse/Greenhouse_Data_MVC/Dtos/ZonePressureRecordDto.cs", "C#", 12, 0, 0, 0, 0, 0, 0, 0, 0, 1, 13
"/Users/alexbelanger-lemay/Desktop/Green_House/Smart_Greenhouse/Greenhouse_Data_MVC/Dtos/ZoneRecordDto.cs", "C#", 15, 0, 0, 0, 0, 0, 0, 0, 0, 2, 17
"/Users/alexbelanger-lemay/Desktop/Green_House/Smart_Greenhouse/Greenhouse_Data_MVC/Dtos/ZoneSensorAlertDto.cs", "C#", 13, 0, 0, 0, 0, 0, 0, 0, 0, 2, 15
"/Users/alexbelanger-lemay/Desktop/Green_House/Smart_Greenhouse/Greenhouse_Data_MVC/Enums/AlertReason.cs", "C#", 8, 0, 0, 0, 0, 0, 0, 0, 0, 1, 9
"/Users/alexbelanger-lemay/Desktop/Green_House/Smart_Greenhouse/Greenhouse_Data_MVC/Enums/ObservationRating.cs", "C#", 11, 0, 0, 0, 0, 0, 0, 0, 0, 1, 12
"/Users/alexbelanger-lemay/Desktop/Green_House/Smart_Greenhouse/Greenhouse_Data_MVC/Enums/SensorType.cs", "C#", 11, 0, 0, 0, 0, 0, 0, 0, 0, 1, 12
"/Users/alexbelanger-lemay/Desktop/Green_House/Smart_Greenhouse/Greenhouse_Data_MVC/Greenhouse_Data_MVC.csproj", "XML", 0, 0, 0, 0, 14, 0, 0, 0, 0, 4, 18
"/Users/alexbelanger-lemay/Desktop/Green_House/Smart_Greenhouse/Greenhouse_Data_MVC/Interfaces/IObservationServiceProxy.cs", "C#", 7, 0, 0, 0, 0, 0, 0, 0, 0, 1, 8
"/Users/alexbelanger-lemay/Desktop/Green_House/Smart_Greenhouse/Greenhouse_Data_MVC/Interfaces/IPlantHumidityRecordServiceProxy.cs", "C#", 7, 0, 0, 0, 0, 0, 0, 0, 0, 1, 8
"/Users/alexbelanger-lemay/Desktop/Green_House/Smart_Greenhouse/Greenhouse_Data_MVC/Interfaces/IPlantSensorAlertServiceProxy.cs", "C#", 7, 0, 0, 0, 0, 0, 0, 0, 0, 1, 8
"/Users/alexbelanger-lemay/Desktop/Green_House/Smart_Greenhouse/Greenhouse_Data_MVC/Interfaces/IPlantServiceProxy.cs", "C#", 7, 0, 0, 0, 0, 0, 0, 0, 0, 1, 8
"/Users/alexbelanger-lemay/Desktop/Green_House/Smart_Greenhouse/Greenhouse_Data_MVC/Interfaces/IServiceProxy.cs", "C#", 9, 0, 0, 0, 0, 0, 0, 0, 0, 1, 10
"/Users/alexbelanger-lemay/Desktop/Green_House/Smart_Greenhouse/Greenhouse_Data_MVC/Interfaces/IZonePressureRecordServiceProxy.cs", "C#", 7, 0, 0, 0, 0, 0, 0, 0, 0, 1, 8
"/Users/alexbelanger-lemay/Desktop/Green_House/Smart_Greenhouse/Greenhouse_Data_MVC/Interfaces/IZoneRecordServiceProxy.cs", "C#", 7, 0, 0, 0, 0, 0, 0, 0, 0, 1, 8
"/Users/alexbelanger-lemay/Desktop/Green_House/Smart_Greenhouse/Greenhouse_Data_MVC/Interfaces/IZoneSensorAlertServiceProxy.cs", "C#", 7, 0, 0, 0, 0, 0, 0, 0, 0, 1, 8
"/Users/alexbelanger-lemay/Desktop/Green_House/Smart_Greenhouse/Greenhouse_Data_MVC/Interfaces/IZoneServiceProxy.cs", "C#", 7, 0, 0, 0, 0, 0, 0, 0, 0, 1, 8
"/Users/alexbelanger-lemay/Desktop/Green_House/Smart_Greenhouse/Greenhouse_Data_MVC/Program.cs", "C#", 17, 0, 0, 0, 0, 0, 0, 0, 3, 10, 30
"/Users/alexbelanger-lemay/Desktop/Green_House/Smart_Greenhouse/Greenhouse_Data_MVC/Properties/launchSettings.json", "JSON", 0, 0, 0, 23, 0, 0, 0, 0, 0, 1, 24
"/Users/alexbelanger-lemay/Desktop/Green_House/Smart_Greenhouse/Greenhouse_Data_MVC/Services/ObservationServiceProxy.cs", "C#", 12, 0, 0, 0, 0, 0, 0, 0, 0, 2, 14
"/Users/alexbelanger-lemay/Desktop/Green_House/Smart_Greenhouse/Greenhouse_Data_MVC/Services/PlantHumidityRecordServiceProxy.cs", "C#", 12, 0, 0, 0, 0, 0, 0, 0, 0, 2, 14
"/Users/alexbelanger-lemay/Desktop/Green_House/Smart_Greenhouse/Greenhouse_Data_MVC/Services/PlantSensorAlertServiceProxy.cs", "C#", 12, 0, 0, 0, 0, 0, 0, 0, 0, 2, 14
"/Users/alexbelanger-lemay/Desktop/Green_House/Smart_Greenhouse/Greenhouse_Data_MVC/Services/PlantServiceProxy.cs", "C#", 12, 0, 0, 0, 0, 0, 0, 0, 0, 2, 14
"/Users/alexbelanger-lemay/Desktop/Green_House/Smart_Greenhouse/Greenhouse_Data_MVC/Services/ServiceProxy.cs", "C#", 34, 0, 0, 0, 0, 0, 0, 0, 0, 8, 42
"/Users/alexbelanger-lemay/Desktop/Green_House/Smart_Greenhouse/Greenhouse_Data_MVC/Services/ZonePressureRecordServiceProxy.cs", "C#", 12, 0, 0, 0, 0, 0, 0, 0, 0, 2, 14
"/Users/alexbelanger-lemay/Desktop/Green_House/Smart_Greenhouse/Greenhouse_Data_MVC/Services/ZoneRecordServiceProxy.cs", "C#", 12, 0, 0, 0, 0, 0, 0, 0, 0, 2, 14
"/Users/alexbelanger-lemay/Desktop/Green_House/Smart_Greenhouse/Greenhouse_Data_MVC/Services/ZoneSensorAlertServiceProxy.cs", "C#", 12, 0, 0, 0, 0, 0, 0, 0, 0, 2, 14
"/Users/alexbelanger-lemay/Desktop/Green_House/Smart_Greenhouse/Greenhouse_Data_MVC/Services/ZoneServiceProxy.cs", "C#", 12, 0, 0, 0, 0, 0, 0, 0, 0, 2, 14
"/Users/alexbelanger-lemay/Desktop/Green_House/Smart_Greenhouse/Greenhouse_Data_MVC/ViewModel/ObservationViewModel.cs", "C#", 9, 0, 0, 0, 0, 0, 0, 0, 0, 2, 11
"/Users/alexbelanger-lemay/Desktop/Green_House/Smart_Greenhouse/Greenhouse_Data_MVC/ViewModel/PlantHumidityRecordViewModel.cs", "C#", 9, 0, 0, 0, 0, 0, 0, 0, 0, 2, 11
"/Users/alexbelanger-lemay/Desktop/Green_House/Smart_Greenhouse/Greenhouse_Data_MVC/ViewModel/PlantSensorAlertViewModel.cs", "C#", 9, 0, 0, 0, 0, 0, 0, 0, 0, 2, 11
"/Users/alexbelanger-lemay/Desktop/Green_House/Smart_Greenhouse/Greenhouse_Data_MVC/ViewModel/ZonePressureRecordViewModel.cs", "C#", 9, 0, 0, 0, 0, 0, 0, 0, 0, 2, 11
"/Users/alexbelanger-lemay/Desktop/Green_House/Smart_Greenhouse/Greenhouse_Data_MVC/ViewModel/ZoneRecordViewModel.cs", "C#", 9, 0, 0, 0, 0, 0, 0, 0, 0, 2, 11
"/Users/alexbelanger-lemay/Desktop/Green_House/Smart_Greenhouse/Greenhouse_Data_MVC/ViewModel/ZoneSensorAlertViewModel.cs", "C#", 9, 0, 0, 0, 0, 0, 0, 0, 0, 2, 11
"/Users/alexbelanger-lemay/Desktop/Green_House/Smart_Greenhouse/Greenhouse_Data_MVC/Views/Home/Index.cshtml", "ASP.NET Razor", 0, 7, 0, 0, 0, 0, 0, 0, 0, 2, 9
"/Users/alexbelanger-lemay/Desktop/Green_House/Smart_Greenhouse/Greenhouse_Data_MVC/Views/Home/Privacy.cshtml", "ASP.NET Razor", 0, 5, 0, 0, 0, 0, 0, 0, 0, 2, 7
"/Users/alexbelanger-lemay/Desktop/Green_House/Smart_Greenhouse/Greenhouse_Data_MVC/Views/Shared/Error.cshtml", "ASP.NET Razor", 0, 22, 0, 0, 0, 0, 0, 0, 0, 4, 26
"/Users/alexbelanger-lemay/Desktop/Green_House/Smart_Greenhouse/Greenhouse_Data_MVC/Views/Shared/_Layout.cshtml", "ASP.NET Razor", 0, 49, 0, 0, 0, 0, 0, 0, 0, 2, 51
"/Users/alexbelanger-lemay/Desktop/Green_House/Smart_Greenhouse/Greenhouse_Data_MVC/Views/Shared/_Layout.cshtml.css", "PostCSS", 0, 0, 38, 0, 0, 0, 0, 0, 2, 9, 49
"/Users/alexbelanger-lemay/Desktop/Green_House/Smart_Greenhouse/Greenhouse_Data_MVC/Views/Shared/_ValidationScriptsPartial.cshtml", "ASP.NET Razor", 0, 2, 0, 0, 0, 0, 0, 0, 0, 1, 3
"/Users/alexbelanger-lemay/Desktop/Green_House/Smart_Greenhouse/Greenhouse_Data_MVC/Views/_ViewImports.cshtml", "ASP.NET Razor", 0, 3, 0, 0, 0, 0, 0, 0, 0, 1, 4
"/Users/alexbelanger-lemay/Desktop/Green_House/Smart_Greenhouse/Greenhouse_Data_MVC/Views/_ViewStart.cshtml", "ASP.NET Razor", 0, 3, 0, 0, 0, 0, 0, 0, 0, 1, 4
"/Users/alexbelanger-lemay/Desktop/Green_House/Smart_Greenhouse/Greenhouse_Data_MVC/appsettings.json", "JSON", 0, 0, 0, 12, 0, 0, 0, 0, 0, 0, 12
"/Users/alexbelanger-lemay/Desktop/Green_House/Smart_Greenhouse/Greenhouse_Data_MVC/wwwroot/css/site.css", "PostCSS", 0, 0, 25, 0, 0, 0, 0, 0, 0, 6, 31
"/Users/alexbelanger-lemay/Desktop/Green_House/Smart_Greenhouse/Greenhouse_Data_MVC/wwwroot/js/site.js", "JavaScript", 0, 0, 0, 0, 0, 0, 0, 0, 3, 2, 5
"/Users/alexbelanger-lemay/Desktop/Green_House/Smart_Greenhouse/Greenhouse_Data_MVC/wwwroot/lib/bootstrap/dist/css/bootstrap-grid.css", "PostCSS", 0, 0, 3886, 0, 0, 0, 0, 0, 6, 193, 4085
"/Users/alexbelanger-lemay/Desktop/Green_House/Smart_Greenhouse/Greenhouse_Data_MVC/wwwroot/lib/bootstrap/dist/css/bootstrap-grid.min.css", "PostCSS", 0, 0, 1, 0, 0, 0, 0, 0, 5, 0, 6
"/Users/alexbelanger-lemay/Desktop/Green_House/Smart_Greenhouse/Greenhouse_Data_MVC/wwwroot/lib/bootstrap/dist/css/bootstrap-grid.rtl.css", "PostCSS", 0, 0, 3886, 0, 0, 0, 0, 0, 6, 192, 4084
"/Users/alexbelanger-lemay/Desktop/Green_House/Smart_Greenhouse/Greenhouse_Data_MVC/wwwroot/lib/bootstrap/dist/css/bootstrap-grid.rtl.min.css", "PostCSS", 0, 0, 1, 0, 0, 0, 0, 0, 5, 0, 6
"/Users/alexbelanger-lemay/Desktop/Green_House/Smart_Greenhouse/Greenhouse_Data_MVC/wwwroot/lib/bootstrap/dist/css/bootstrap-reboot.css", "PostCSS", 0, 0, 518, 0, 0, 0, 0, 0, 14, 65, 597
"/Users/alexbelanger-lemay/Desktop/Green_House/Smart_Greenhouse/Greenhouse_Data_MVC/wwwroot/lib/bootstrap/dist/css/bootstrap-reboot.min.css", "PostCSS", 0, 0, 1, 0, 0, 0, 0, 0, 5, 0, 6
"/Users/alexbelanger-lemay/Desktop/Green_House/Smart_Greenhouse/Greenhouse_Data_MVC/wwwroot/lib/bootstrap/dist/css/bootstrap-reboot.rtl.css", "PostCSS", 0, 0, 524, 0, 0, 0, 0, 0, 6, 64, 594
"/Users/alexbelanger-lemay/Desktop/Green_House/Smart_Greenhouse/Greenhouse_Data_MVC/wwwroot/lib/bootstrap/dist/css/bootstrap-reboot.rtl.min.css", "PostCSS", 0, 0, 1, 0, 0, 0, 0, 0, 5, 0, 6
"/Users/alexbelanger-lemay/Desktop/Green_House/Smart_Greenhouse/Greenhouse_Data_MVC/wwwroot/lib/bootstrap/dist/css/bootstrap-utilities.css", "PostCSS", 0, 0, 4891, 0, 0, 0, 0, 0, 8, 503, 5402
"/Users/alexbelanger-lemay/Desktop/Green_House/Smart_Greenhouse/Greenhouse_Data_MVC/wwwroot/lib/bootstrap/dist/css/bootstrap-utilities.min.css", "PostCSS", 0, 0, 1, 0, 0, 0, 0, 0, 5, 0, 6
"/Users/alexbelanger-lemay/Desktop/Green_House/Smart_Greenhouse/Greenhouse_Data_MVC/wwwroot/lib/bootstrap/dist/css/bootstrap-utilities.rtl.css", "PostCSS", 0, 0, 4887, 0, 0, 0, 0, 0, 6, 500, 5393
"/Users/alexbelanger-lemay/Desktop/Green_House/Smart_Greenhouse/Greenhouse_Data_MVC/wwwroot/lib/bootstrap/dist/css/bootstrap-utilities.rtl.min.css", "PostCSS", 0, 0, 1, 0, 0, 0, 0, 0, 5, 0, 6
"/Users/alexbelanger-lemay/Desktop/Green_House/Smart_Greenhouse/Greenhouse_Data_MVC/wwwroot/lib/bootstrap/dist/css/bootstrap.css", "PostCSS", 0, 0, 11136, 0, 0, 0, 0, 0, 24, 897, 12057
"/Users/alexbelanger-lemay/Desktop/Green_House/Smart_Greenhouse/Greenhouse_Data_MVC/wwwroot/lib/bootstrap/dist/css/bootstrap.min.css", "PostCSS", 0, 0, 5, 0, 0, 0, 0, 0, 1, 0, 6
"/Users/alexbelanger-lemay/Desktop/Green_House/Smart_Greenhouse/Greenhouse_Data_MVC/wwwroot/lib/bootstrap/dist/css/bootstrap.rtl.css", "PostCSS", 0, 0, 11138, 0, 0, 0, 0, 0, 6, 886, 12030
"/Users/alexbelanger-lemay/Desktop/Green_House/Smart_Greenhouse/Greenhouse_Data_MVC/wwwroot/lib/bootstrap/dist/css/bootstrap.rtl.min.css", "PostCSS", 0, 0, 5, 0, 0, 0, 0, 0, 1, 0, 6
"/Users/alexbelanger-lemay/Desktop/Green_House/Smart_Greenhouse/Greenhouse_Data_MVC/wwwroot/lib/bootstrap/dist/js/bootstrap.bundle.js", "JavaScript", 0, 0, 0, 0, 0, 5064, 0, 0, 655, 596, 6315
"/Users/alexbelanger-lemay/Desktop/Green_House/Smart_Greenhouse/Greenhouse_Data_MVC/wwwroot/lib/bootstrap/dist/js/bootstrap.bundle.min.js", "JavaScript", 0, 0, 0, 0, 0, 1, 0, 0, 6, 0, 7
"/Users/alexbelanger-lemay/Desktop/Green_House/Smart_Greenhouse/Greenhouse_Data_MVC/wwwroot/lib/bootstrap/dist/js/bootstrap.esm.js", "JavaScript", 0, 0, 0, 0, 0, 3568, 0, 0, 578, 302, 4448
"/Users/alexbelanger-lemay/Desktop/Green_House/Smart_Greenhouse/Greenhouse_Data_MVC/wwwroot/lib/bootstrap/dist/js/bootstrap.esm.min.js", "JavaScript", 0, 0, 0, 0, 0, 1, 0, 0, 6, 0, 7
"/Users/alexbelanger-lemay/Desktop/Green_House/Smart_Greenhouse/Greenhouse_Data_MVC/wwwroot/lib/bootstrap/dist/js/bootstrap.js", "JavaScript", 0, 0, 0, 0, 0, 3604, 0, 0, 584, 307, 4495
"/Users/alexbelanger-lemay/Desktop/Green_House/Smart_Greenhouse/Greenhouse_Data_MVC/wwwroot/lib/bootstrap/dist/js/bootstrap.min.js", "JavaScript", 0, 0, 0, 0, 0, 1, 0, 0, 6, 0, 7
"/Users/alexbelanger-lemay/Desktop/Green_House/Smart_Greenhouse/Greenhouse_Data_MVC/wwwroot/lib/jquery-validation-unobtrusive/dist/jquery.validate.unobtrusive.js", "JavaScript", 0, 0, 0, 0, 0, 306, 0, 0, 76, 54, 436
"/Users/alexbelanger-lemay/Desktop/Green_House/Smart_Greenhouse/Greenhouse_Data_MVC/wwwroot/lib/jquery-validation-unobtrusive/dist/jquery.validate.unobtrusive.min.js", "JavaScript", 0, 0, 0, 0, 0, 1, 0, 0, 7, 0, 8
"/Users/alexbelanger-lemay/Desktop/Green_House/Smart_Greenhouse/Greenhouse_Data_MVC/wwwroot/lib/jquery-validation/LICENSE.md", "Markdown", 0, 0, 0, 0, 0, 0, 18, 0, 0, 5, 23
"/Users/alexbelanger-lemay/Desktop/Green_House/Smart_Greenhouse/Greenhouse_Data_MVC/wwwroot/lib/jquery-validation/dist/additional-methods.js", "JavaScript", 0, 0, 0, 0, 0, 1106, 0, 0, 258, 141, 1505
"/Users/alexbelanger-lemay/Desktop/Green_House/Smart_Greenhouse/Greenhouse_Data_MVC/wwwroot/lib/jquery-validation/dist/additional-methods.min.js", "JavaScript", 0, 0, 0, 0, 0, 1, 0, 0, 3, 0, 4
"/Users/alexbelanger-lemay/Desktop/Green_House/Smart_Greenhouse/Greenhouse_Data_MVC/wwwroot/lib/jquery-validation/dist/jquery.validate.js", "JavaScript", 0, 0, 0, 0, 0, 1265, 0, 0, 188, 250, 1703
"/Users/alexbelanger-lemay/Desktop/Green_House/Smart_Greenhouse/Greenhouse_Data_MVC/wwwroot/lib/jquery-validation/dist/jquery.validate.min.js", "JavaScript", 0, 0, 0, 0, 0, 1, 0, 0, 3, 0, 4
"/Users/alexbelanger-lemay/Desktop/Green_House/Smart_Greenhouse/Greenhouse_Data_MVC/wwwroot/lib/jquery/dist/jquery.js", "JavaScript", 0, 0, 0, 0, 0, 6767, 0, 0, 1887, 2063, 10717
"/Users/alexbelanger-lemay/Desktop/Green_House/Smart_Greenhouse/Greenhouse_Data_MVC/wwwroot/lib/jquery/dist/jquery.min.js", "JavaScript", 0, 0, 0, 0, 0, 1, 0, 0, 1, 1, 3
"/Users/alexbelanger-lemay/Desktop/Green_House/Smart_Greenhouse/Greenhouse_Data_MVC/wwwroot/lib/jquery/dist/jquery.slim.js", "JavaScript", 0, 0, 0, 0, 0, 5381, 0, 0, 1558, 1679, 8618
"/Users/alexbelanger-lemay/Desktop/Green_House/Smart_Greenhouse/Greenhouse_Data_MVC/wwwroot/lib/jquery/dist/jquery.slim.min.js", "JavaScript", 0, 0, 0, 0, 0, 1, 0, 0, 1, 1, 3
"/Users/alexbelanger-lemay/Desktop/Green_House/Smart_Greenhouse/Greenhouse_Ressource_MVC/Controllers/FertilizerController.cs", "C#", 132, 0, 0, 0, 0, 0, 0, 0, 8, 23, 163
"/Users/alexbelanger-lemay/Desktop/Green_House/Smart_Greenhouse/Greenhouse_Ressource_MVC/Controllers/HomeController.cs", "C#", 27, 0, 0, 0, 0, 0, 0, 0, 0, 6, 33
"/Users/alexbelanger-lemay/Desktop/Green_House/Smart_Greenhouse/Greenhouse_Ressource_MVC/Controllers/ObservationController.cs", "C#", 132, 0, 0, 0, 0, 0, 0, 0, 8, 23, 163
"/Users/alexbelanger-lemay/Desktop/Green_House/Smart_Greenhouse/Greenhouse_Ressource_MVC/Controllers/PlantController.cs", "C#", 132, 0, 0, 0, 0, 0, 0, 0, 8, 23, 163
"/Users/alexbelanger-lemay/Desktop/Green_House/Smart_Greenhouse/Greenhouse_Ressource_MVC/Controllers/SensorController.cs", "C#", 132, 0, 0, 0, 0, 0, 0, 0, 8, 23, 163
"/Users/alexbelanger-lemay/Desktop/Green_House/Smart_Greenhouse/Greenhouse_Ressource_MVC/Controllers/SoilHumidityCategoryController.cs", "C#", 119, 0, 0, 0, 0, 0, 0, 0, 8, 22, 149
"/Users/alexbelanger-lemay/Desktop/Green_House/Smart_Greenhouse/Greenhouse_Ressource_MVC/Controllers/SpecimenController.cs", "C#", 132, 0, 0, 0, 0, 0, 0, 0, 8, 23, 163
"/Users/alexbelanger-lemay/Desktop/Green_House/Smart_Greenhouse/Greenhouse_Ressource_MVC/Controllers/WateringController.cs", "C#", 132, 0, 0, 0, 0, 0, 0, 0, 8, 23, 163
"/Users/alexbelanger-lemay/Desktop/Green_House/Smart_Greenhouse/Greenhouse_Ressource_MVC/Controllers/ZoneCategoryController.cs", "C#", 119, 0, 0, 0, 0, 0, 0, 0, 8, 21, 148
"/Users/alexbelanger-lemay/Desktop/Green_House/Smart_Greenhouse/Greenhouse_Ressource_MVC/Controllers/ZoneController.cs", "C#", 132, 0, 0, 0, 0, 0, 0, 0, 8, 23, 163
"/Users/alexbelanger-lemay/Desktop/Green_House/Smart_Greenhouse/Greenhouse_Ressource_MVC/Dtos/FertilizerDto.cs", "C#", 20, 0, 0, 0, 0, 0, 0, 0, 0, 2, 22
"/Users/alexbelanger-lemay/Desktop/Green_House/Smart_Greenhouse/Greenhouse_Ressource_MVC/Dtos/ObservationDto.cs", "C#", 24, 0, 0, 0, 0, 0, 0, 0, 0, 3, 27
"/Users/alexbelanger-lemay/Desktop/Green_House/Smart_Greenhouse/Greenhouse_Ressource_MVC/Dtos/PlantDto.cs", "C#", 29, 0, 0, 0, 0, 0, 0, 0, 0, 3, 32
"/Users/alexbelanger-lemay/Desktop/Green_House/Smart_Greenhouse/Greenhouse_Ressource_MVC/Dtos/SensorDto.cs", "C#", 30, 0, 0, 0, 0, 0, 0, 0, 0, 3, 33
"/Users/alexbelanger-lemay/Desktop/Green_House/Smart_Greenhouse/Greenhouse_Ressource_MVC/Dtos/SoilHumidityCategoryDto.cs", "C#", 22, 0, 0, 0, 0, 0, 0, 0, 0, 2, 24
"/Users/alexbelanger-lemay/Desktop/Green_House/Smart_Greenhouse/Greenhouse_Ressource_MVC/Dtos/SpecimenDto.cs", "C#", 20, 0, 0, 0, 0, 0, 0, 0, 0, 3, 23
"/Users/alexbelanger-lemay/Desktop/Green_House/Smart_Greenhouse/Greenhouse_Ressource_MVC/Dtos/WateringDto.cs", "C#", 28, 0, 0, 0, 0, 0, 0, 0, 0, 3, 31
"/Users/alexbelanger-lemay/Desktop/Green_House/Smart_Greenhouse/Greenhouse_Ressource_MVC/Dtos/ZoneCategoryDto.cs", "C#", 48, 0, 0, 0, 0, 0, 0, 0, 0, 3, 51
"/Users/alexbelanger-lemay/Desktop/Green_House/Smart_Greenhouse/Greenhouse_Ressource_MVC/Dtos/ZoneDto.cs", "C#", 19, 0, 0, 0, 0, 0, 0, 0, 0, 2, 21
"/Users/alexbelanger-lemay/Desktop/Green_House/Smart_Greenhouse/Greenhouse_Ressource_MVC/Enums/ObservationRating.cs", "C#", 11, 0, 0, 0, 0, 0, 0, 0, 0, 1, 12
"/Users/alexbelanger-lemay/Desktop/Green_House/Smart_Greenhouse/Greenhouse_Ressource_MVC/Enums/SensorType.cs", "C#", 11, 0, 0, 0, 0, 0, 0, 0, 0, 1, 12
"/Users/alexbelanger-lemay/Desktop/Green_House/Smart_Greenhouse/Greenhouse_Ressource_MVC/Greenhouse_Ressource_MVC.csproj", "XML", 0, 0, 0, 0, 14, 0, 0, 0, 0, 4, 18
"/Users/alexbelanger-lemay/Desktop/Green_House/Smart_Greenhouse/Greenhouse_Ressource_MVC/Interfaces/IFertilizerServiceProxy.cs", "C#", 7, 0, 0, 0, 0, 0, 0, 0, 0, 2, 9
"/Users/alexbelanger-lemay/Desktop/Green_House/Smart_Greenhouse/Greenhouse_Ressource_MVC/Interfaces/IObservationServiceProxy.cs", "C#", 7, 0, 0, 0, 0, 0, 0, 0, 0, 2, 9
"/Users/alexbelanger-lemay/Desktop/Green_House/Smart_Greenhouse/Greenhouse_Ressource_MVC/Interfaces/IPlantServiceProxy.cs", "C#", 7, 0, 0, 0, 0, 0, 0, 0, 0, 2, 9
"/Users/alexbelanger-lemay/Desktop/Green_House/Smart_Greenhouse/Greenhouse_Ressource_MVC/Interfaces/ISensorServiceProxy.cs", "C#", 7, 0, 0, 0, 0, 0, 0, 0, 0, 2, 9
"/Users/alexbelanger-lemay/Desktop/Green_House/Smart_Greenhouse/Greenhouse_Ressource_MVC/Interfaces/IServiceProxy.cs", "C#", 11, 0, 0, 0, 0, 0, 0, 0, 0, 1, 12
"/Users/alexbelanger-lemay/Desktop/Green_House/Smart_Greenhouse/Greenhouse_Ressource_MVC/Interfaces/ISoilHumidityCategoryServiceProxy.cs", "C#", 7, 0, 0, 0, 0, 0, 0, 0, 0, 2, 9
"/Users/alexbelanger-lemay/Desktop/Green_House/Smart_Greenhouse/Greenhouse_Ressource_MVC/Interfaces/ISpecimenServiceProxy.cs", "C#", 7, 0, 0, 0, 0, 0, 0, 0, 0, 2, 9
"/Users/alexbelanger-lemay/Desktop/Green_House/Smart_Greenhouse/Greenhouse_Ressource_MVC/Interfaces/IWateringServiceProxy.cs", "C#", 7, 0, 0, 0, 0, 0, 0, 0, 0, 2, 9
"/Users/alexbelanger-lemay/Desktop/Green_House/Smart_Greenhouse/Greenhouse_Ressource_MVC/Interfaces/IZoneCategoryServiceProxy.cs", "C#", 7, 0, 0, 0, 0, 0, 0, 0, 0, 2, 9
"/Users/alexbelanger-lemay/Desktop/Green_House/Smart_Greenhouse/Greenhouse_Ressource_MVC/Interfaces/IZoneServiceProxy.cs", "C#", 7, 0, 0, 0, 0, 0, 0, 0, 0, 2, 9
"/Users/alexbelanger-lemay/Desktop/Green_House/Smart_Greenhouse/Greenhouse_Ressource_MVC/Program.cs", "C#", 17, 0, 0, 0, 0, 0, 0, 0, 3, 10, 30
"/Users/alexbelanger-lemay/Desktop/Green_House/Smart_Greenhouse/Greenhouse_Ressource_MVC/Properties/launchSettings.json", "JSON", 0, 0, 0, 23, 0, 0, 0, 0, 0, 1, 24
"/Users/alexbelanger-lemay/Desktop/Green_House/Smart_Greenhouse/Greenhouse_Ressource_MVC/Services/FertilizerServiceProxy.cs", "C#", 12, 0, 0, 0, 0, 0, 0, 0, 0, 2, 14
"/Users/alexbelanger-lemay/Desktop/Green_House/Smart_Greenhouse/Greenhouse_Ressource_MVC/Services/ObservationServiceProxy.cs", "C#", 12, 0, 0, 0, 0, 0, 0, 0, 0, 2, 14
"/Users/alexbelanger-lemay/Desktop/Green_House/Smart_Greenhouse/Greenhouse_Ressource_MVC/Services/PlantServiceProxy.cs", "C#", 11, 0, 0, 0, 0, 0, 0, 0, 0, 2, 13
"/Users/alexbelanger-lemay/Desktop/Green_House/Smart_Greenhouse/Greenhouse_Ressource_MVC/Services/SensorServiceProxy.cs", "C#", 11, 0, 0, 0, 0, 0, 0, 0, 0, 2, 13
"/Users/alexbelanger-lemay/Desktop/Green_House/Smart_Greenhouse/Greenhouse_Ressource_MVC/Services/ServiceProxy.cs", "C#", 50, 0, 0, 0, 0, 0, 0, 0, 0, 16, 66
"/Users/alexbelanger-lemay/Desktop/Green_House/Smart_Greenhouse/Greenhouse_Ressource_MVC/Services/SoilHumidityCategoryServiceProxy.cs", "C#", 12, 0, 0, 0, 0, 0, 0, 0, 0, 2, 14
"/Users/alexbelanger-lemay/Desktop/Green_House/Smart_Greenhouse/Greenhouse_Ressource_MVC/Services/SpecimenServiceProxy.cs", "C#", 10, 0, 0, 0, 0, 0, 0, 0, 0, 2, 12
"/Users/alexbelanger-lemay/Desktop/Green_House/Smart_Greenhouse/Greenhouse_Ressource_MVC/Services/WateringServiceProxy.cs", "C#", 11, 0, 0, 0, 0, 0, 0, 0, 0, 2, 13
"/Users/alexbelanger-lemay/Desktop/Green_House/Smart_Greenhouse/Greenhouse_Ressource_MVC/Services/ZoneCategoryServiceProxy.cs", "C#", 12, 0, 0, 0, 0, 0, 0, 0, 0, 2, 14
"/Users/alexbelanger-lemay/Desktop/Green_House/Smart_Greenhouse/Greenhouse_Ressource_MVC/Services/ZoneServiceProxy.cs", "C#", 12, 0, 0, 0, 0, 0, 0, 0, 0, 2, 14
"/Users/alexbelanger-lemay/Desktop/Green_House/Smart_Greenhouse/Greenhouse_Ressource_MVC/Views/Home/Index.cshtml", "ASP.NET Razor", 0, 7, 0, 0, 0, 0, 0, 0, 0, 2, 9
"/Users/alexbelanger-lemay/Desktop/Green_House/Smart_Greenhouse/Greenhouse_Ressource_MVC/Views/Home/Privacy.cshtml", "ASP.NET Razor", 0, 5, 0, 0, 0, 0, 0, 0, 0, 2, 7
"/Users/alexbelanger-lemay/Desktop/Green_House/Smart_Greenhouse/Greenhouse_Ressource_MVC/Views/Shared/Error.cshtml", "ASP.NET Razor", 0, 22, 0, 0, 0, 0, 0, 0, 0, 4, 26
"/Users/alexbelanger-lemay/Desktop/Green_House/Smart_Greenhouse/Greenhouse_Ressource_MVC/Views/Shared/_Layout.cshtml", "ASP.NET Razor", 0, 49, 0, 0, 0, 0, 0, 0, 0, 2, 51
"/Users/alexbelanger-lemay/Desktop/Green_House/Smart_Greenhouse/Greenhouse_Ressource_MVC/Views/Shared/_Layout.cshtml.css", "PostCSS", 0, 0, 38, 0, 0, 0, 0, 0, 2, 9, 49
"/Users/alexbelanger-lemay/Desktop/Green_House/Smart_Greenhouse/Greenhouse_Ressource_MVC/Views/Shared/_ValidationScriptsPartial.cshtml", "ASP.NET Razor", 0, 2, 0, 0, 0, 0, 0, 0, 0, 1, 3
"/Users/alexbelanger-lemay/Desktop/Green_House/Smart_Greenhouse/Greenhouse_Ressource_MVC/Views/_ViewImports.cshtml", "ASP.NET Razor", 0, 3, 0, 0, 0, 0, 0, 0, 0, 1, 4
"/Users/alexbelanger-lemay/Desktop/Green_House/Smart_Greenhouse/Greenhouse_Ressource_MVC/Views/_ViewStart.cshtml", "ASP.NET Razor", 0, 3, 0, 0, 0, 0, 0, 0, 0, 1, 4
"/Users/alexbelanger-lemay/Desktop/Green_House/Smart_Greenhouse/Greenhouse_Ressource_MVC/appsettings.json", "JSON", 0, 0, 0, 12, 0, 0, 0, 0, 0, 0, 12
"/Users/alexbelanger-lemay/Desktop/Green_House/Smart_Greenhouse/Greenhouse_Ressource_MVC/wwwroot/css/site.css", "PostCSS", 0, 0, 25, 0, 0, 0, 0, 0, 0, 6, 31
"/Users/alexbelanger-lemay/Desktop/Green_House/Smart_Greenhouse/Greenhouse_Ressource_MVC/wwwroot/js/site.js", "JavaScript", 0, 0, 0, 0, 0, 0, 0, 0, 3, 2, 5
"/Users/alexbelanger-lemay/Desktop/Green_House/Smart_Greenhouse/Greenhouse_Ressource_MVC/wwwroot/lib/bootstrap/dist/css/bootstrap-grid.css", "PostCSS", 0, 0, 3886, 0, 0, 0, 0, 0, 6, 193, 4085
"/Users/alexbelanger-lemay/Desktop/Green_House/Smart_Greenhouse/Greenhouse_Ressource_MVC/wwwroot/lib/bootstrap/dist/css/bootstrap-grid.min.css", "PostCSS", 0, 0, 1, 0, 0, 0, 0, 0, 5, 0, 6
"/Users/alexbelanger-lemay/Desktop/Green_House/Smart_Greenhouse/Greenhouse_Ressource_MVC/wwwroot/lib/bootstrap/dist/css/bootstrap-grid.rtl.css", "PostCSS", 0, 0, 3886, 0, 0, 0, 0, 0, 6, 192, 4084
"/Users/alexbelanger-lemay/Desktop/Green_House/Smart_Greenhouse/Greenhouse_Ressource_MVC/wwwroot/lib/bootstrap/dist/css/bootstrap-grid.rtl.min.css", "PostCSS", 0, 0, 1, 0, 0, 0, 0, 0, 5, 0, 6
"/Users/alexbelanger-lemay/Desktop/Green_House/Smart_Greenhouse/Greenhouse_Ressource_MVC/wwwroot/lib/bootstrap/dist/css/bootstrap-reboot.css", "PostCSS", 0, 0, 518, 0, 0, 0, 0, 0, 14, 65, 597
"/Users/alexbelanger-lemay/Desktop/Green_House/Smart_Greenhouse/Greenhouse_Ressource_MVC/wwwroot/lib/bootstrap/dist/css/bootstrap-reboot.min.css", "PostCSS", 0, 0, 1, 0, 0, 0, 0, 0, 5, 0, 6
"/Users/alexbelanger-lemay/Desktop/Green_House/Smart_Greenhouse/Greenhouse_Ressource_MVC/wwwroot/lib/bootstrap/dist/css/bootstrap-reboot.rtl.css", "PostCSS", 0, 0, 524, 0, 0, 0, 0, 0, 6, 64, 594
"/Users/alexbelanger-lemay/Desktop/Green_House/Smart_Greenhouse/Greenhouse_Ressource_MVC/wwwroot/lib/bootstrap/dist/css/bootstrap-reboot.rtl.min.css", "PostCSS", 0, 0, 1, 0, 0, 0, 0, 0, 5, 0, 6
"/Users/alexbelanger-lemay/Desktop/Green_House/Smart_Greenhouse/Greenhouse_Ressource_MVC/wwwroot/lib/bootstrap/dist/css/bootstrap-utilities.css", "PostCSS", 0, 0, 4891, 0, 0, 0, 0, 0, 8, 503, 5402
"/Users/alexbelanger-lemay/Desktop/Green_House/Smart_Greenhouse/Greenhouse_Ressource_MVC/wwwroot/lib/bootstrap/dist/css/bootstrap-utilities.min.css", "PostCSS", 0, 0, 1, 0, 0, 0, 0, 0, 5, 0, 6
"/Users/alexbelanger-lemay/Desktop/Green_House/Smart_Greenhouse/Greenhouse_Ressource_MVC/wwwroot/lib/bootstrap/dist/css/bootstrap-utilities.rtl.css", "PostCSS", 0, 0, 4887, 0, 0, 0, 0, 0, 6, 500, 5393
"/Users/alexbelanger-lemay/Desktop/Green_House/Smart_Greenhouse/Greenhouse_Ressource_MVC/wwwroot/lib/bootstrap/dist/css/bootstrap-utilities.rtl.min.css", "PostCSS", 0, 0, 1, 0, 0, 0, 0, 0, 5, 0, 6
"/Users/alexbelanger-lemay/Desktop/Green_House/Smart_Greenhouse/Greenhouse_Ressource_MVC/wwwroot/lib/bootstrap/dist/css/bootstrap.css", "PostCSS", 0, 0, 11136, 0, 0, 0, 0, 0, 24, 897, 12057
"/Users/alexbelanger-lemay/Desktop/Green_House/Smart_Greenhouse/Greenhouse_Ressource_MVC/wwwroot/lib/bootstrap/dist/css/bootstrap.min.css", "PostCSS", 0, 0, 5, 0, 0, 0, 0, 0, 1, 0, 6
"/Users/alexbelanger-lemay/Desktop/Green_House/Smart_Greenhouse/Greenhouse_Ressource_MVC/wwwroot/lib/bootstrap/dist/css/bootstrap.rtl.css", "PostCSS", 0, 0, 11138, 0, 0, 0, 0, 0, 6, 886, 12030
"/Users/alexbelanger-lemay/Desktop/Green_House/Smart_Greenhouse/Greenhouse_Ressource_MVC/wwwroot/lib/bootstrap/dist/css/bootstrap.rtl.min.css", "PostCSS", 0, 0, 5, 0, 0, 0, 0, 0, 1, 0, 6
"/Users/alexbelanger-lemay/Desktop/Green_House/Smart_Greenhouse/Greenhouse_Ressource_MVC/wwwroot/lib/bootstrap/dist/js/bootstrap.bundle.js", "JavaScript", 0, 0, 0, 0, 0, 5064, 0, 0, 655, 596, 6315
"/Users/alexbelanger-lemay/Desktop/Green_House/Smart_Greenhouse/Greenhouse_Ressource_MVC/wwwroot/lib/bootstrap/dist/js/bootstrap.bundle.min.js", "JavaScript", 0, 0, 0, 0, 0, 1, 0, 0, 6, 0, 7
"/Users/alexbelanger-lemay/Desktop/Green_House/Smart_Greenhouse/Greenhouse_Ressource_MVC/wwwroot/lib/bootstrap/dist/js/bootstrap.esm.js", "JavaScript", 0, 0, 0, 0, 0, 3568, 0, 0, 578, 302, 4448
"/Users/alexbelanger-lemay/Desktop/Green_House/Smart_Greenhouse/Greenhouse_Ressource_MVC/wwwroot/lib/bootstrap/dist/js/bootstrap.esm.min.js", "JavaScript", 0, 0, 0, 0, 0, 1, 0, 0, 6, 0, 7
"/Users/alexbelanger-lemay/Desktop/Green_House/Smart_Greenhouse/Greenhouse_Ressource_MVC/wwwroot/lib/bootstrap/dist/js/bootstrap.js", "JavaScript", 0, 0, 0, 0, 0, 3604, 0, 0, 584, 307, 4495
"/Users/alexbelanger-lemay/Desktop/Green_House/Smart_Greenhouse/Greenhouse_Ressource_MVC/wwwroot/lib/bootstrap/dist/js/bootstrap.min.js", "JavaScript", 0, 0, 0, 0, 0, 1, 0, 0, 6, 0, 7
"/Users/alexbelanger-lemay/Desktop/Green_House/Smart_Greenhouse/Greenhouse_Ressource_MVC/wwwroot/lib/jquery-validation-unobtrusive/dist/jquery.validate.unobtrusive.js", "JavaScript", 0, 0, 0, 0, 0, 306, 0, 0, 76, 54, 436
"/Users/alexbelanger-lemay/Desktop/Green_House/Smart_Greenhouse/Greenhouse_Ressource_MVC/wwwroot/lib/jquery-validation-unobtrusive/dist/jquery.validate.unobtrusive.min.js", "JavaScript", 0, 0, 0, 0, 0, 1, 0, 0, 7, 0, 8
"/Users/alexbelanger-lemay/Desktop/Green_House/Smart_Greenhouse/Greenhouse_Ressource_MVC/wwwroot/lib/jquery-validation/LICENSE.md", "Markdown", 0, 0, 0, 0, 0, 0, 18, 0, 0, 5, 23
"/Users/alexbelanger-lemay/Desktop/Green_House/Smart_Greenhouse/Greenhouse_Ressource_MVC/wwwroot/lib/jquery-validation/dist/additional-methods.js", "JavaScript", 0, 0, 0, 0, 0, 1106, 0, 0, 258, 141, 1505
"/Users/alexbelanger-lemay/Desktop/Green_House/Smart_Greenhouse/Greenhouse_Ressource_MVC/wwwroot/lib/jquery-validation/dist/additional-methods.min.js", "JavaScript", 0, 0, 0, 0, 0, 1, 0, 0, 3, 0, 4
"/Users/alexbelanger-lemay/Desktop/Green_House/Smart_Greenhouse/Greenhouse_Ressource_MVC/wwwroot/lib/jquery-validation/dist/jquery.validate.js", "JavaScript", 0, 0, 0, 0, 0, 1265, 0, 0, 188, 250, 1703
"/Users/alexbelanger-lemay/Desktop/Green_House/Smart_Greenhouse/Greenhouse_Ressource_MVC/wwwroot/lib/jquery-validation/dist/jquery.validate.min.js", "JavaScript", 0, 0, 0, 0, 0, 1, 0, 0, 3, 0, 4
"/Users/alexbelanger-lemay/Desktop/Green_House/Smart_Greenhouse/Greenhouse_Ressource_MVC/wwwroot/lib/jquery/dist/jquery.js", "JavaScript", 0, 0, 0, 0, 0, 6767, 0, 0, 1887, 2063, 10717
"/Users/alexbelanger-lemay/Desktop/Green_House/Smart_Greenhouse/Greenhouse_Ressource_MVC/wwwroot/lib/jquery/dist/jquery.min.js", "JavaScript", 0, 0, 0, 0, 0, 1, 0, 0, 1, 1, 3
"/Users/alexbelanger-lemay/Desktop/Green_House/Smart_Greenhouse/Greenhouse_Ressource_MVC/wwwroot/lib/jquery/dist/jquery.slim.js", "JavaScript", 0, 0, 0, 0, 0, 5381, 0, 0, 1558, 1679, 8618
"/Users/alexbelanger-lemay/Desktop/Green_House/Smart_Greenhouse/Greenhouse_Ressource_MVC/wwwroot/lib/jquery/dist/jquery.slim.min.js", "JavaScript", 0, 0, 0, 0, 0, 1, 0, 0, 1, 1, 3
"Total", "-", 7708, 182, 81890, 105, 47, 54138, 36, 179, 12961, 19269, 176515